<?xml version="1.0" encoding="utf-8" ?>
<languages>
  <language name="English" id="en">
      <episerver>
          <forms>
              <validators>
                  <fileuploadelementselfvalidator>
                      <multiplefilenotallowed>Not allowed to upload multiple files.</multiplefilenotallowed>
                  </fileuploadelementselfvalidator>
              </validators>
              <viewmode>
                <errorformusingdivinnonjsmode>Form render using div element required js enabled to be able to work properly</errorformusingdivinnonjsmode>
                <error>Something went wrong. Please contact the administrator for more information.</error>
            </viewmode>
          </forms>
      </episerver>
  </language>
</languages>
